segment,start(s),end(s),bitrate(bps),bitrate(kbps),bitrate_norm
1,0.0,0.01,3905559,3905.559,1.809
2,0.01,0.02,3905559,3905.559,1.809
3,0.02,0.03,3905559,3905.559,1.809
4,0.03,0.04,2453597,2453.597,1.136
5,0.04,0.05,1727725,1727.725,0.8
6,0.05,0.06,1727725,1727.725,0.8
7,0.06,0.07,2924755,2924.755,1.354
8,0.07,0.08,5319173,5319.173,2.463
9,0.08,0.09,5319173,5319.173,2.463
10,0.09,0.1,5319173,5319.173,2.463
11,0.1,0.11,1181772,1181.772,0.547
12,0.11,0.12,1181772,1181.772,0.547
13,0.12,0.13,1181772,1181.772,0.547
14,0.13,0.14,6668473,6668.473,3.088
15,0.14,0.15,9411412,9411.412,4.358
16,0.15,0.16,9411412,9411.412,4.358
17,0.16,0.17,6650314,6650.314,3.08
18,0.17,0.18,1127291,1127.291,0.522
19,0.18,0.19,1127291,1127.291,0.522
20,0.19,0.2,1127291,1127.291,0.522
21,0.2,0.21,1924579,1924.579,0.891
22,0.21,0.22,1924579,1924.579,0.891
23,0.22,0.23,1924579,1924.579,0.891
24,0.23,0.24,1301002,1301.002,0.602
25,0.24,0.25,989260,989.260,0.458
26,0.25,0.26,989260,989.260,0.458
27,0.26,0.27,1298682,1298.682,0.601
28,0.27,0.28,1917619,1917.619,0.888
29,0.28,0.29,1917619,1917.619,0.888
30,0.29,0.3,1917619,1917.619,0.888
31,0.3,0.31,1088891,1088.891,0.504
32,0.31,0.32,1088891,1088.891,0.504
33,0.32,0.33,1088891,1088.891,0.504
34,0.33,0.34,1972896,1972.896,0.914
35,0.34,0.35,2414832,2414.832,1.118
36,0.35,0.36,2414832,2414.832,1.118
37,0.36,0.37,1930419,1930.419,0.894
38,0.37,0.38,961450,961.450,0.445
39,0.38,0.39,961450,961.450,0.445
40,0.39,0.4,961450,961.450,0.445
41,0.4,0.41,2636186,2636.186,1.221
42,0.41,0.42,2636186,2636.186,1.221
43,0.42,0.43,2636186,2636.186,1.221
44,0.43,0.44,1616423,1616.423,0.749
45,0.44,0.45,1106618,1106.618,0.512
46,0.45,0.46,1106618,1106.618,0.512
47,0.46,0.47,1482915,1482.915,0.687
48,0.47,0.48,2235622,2235.622,1.035
49,0.48,0.49,2235622,2235.622,1.035
50,0.49,0.5,2235622,2235.622,1.035
51,0.5,0.51,858969,858.969,0.398
52,0.51,0.52,858969,858.969,0.398
53,0.52,0.53,858969,858.969,0.398
54,0.53,0.54,1866982,1866.982,0.865
55,0.54,0.55,2370913,2370.913,1.098
56,0.55,0.56,2370913,2370.913,1.098
57,0.56,0.57,1947294,1947.294,0.902
58,0.57,0.58,1099931,1099.931,0.509
59,0.58,0.59,1099931,1099.931,0.509
60,0.59,0.6,1099931,1099.931,0.509
61,0.6,0.61,2758348,2758.348,1.277
62,0.61,0.62,2758348,2758.348,1.277
63,0.62,0.63,2758348,2758.348,1.277
64,0.63,0.64,1506735,1506.735,0.698
65,0.64,0.65,881022,881.022,0.408
66,0.65,0.66,881022,881.022,0.408
67,0.66,0.67,1466259,1466.259,0.679
68,0.67,0.68,2636906,2636.906,1.221
69,0.68,0.69,2636906,2636.906,1.221
70,0.69,0.7,2636906,2636.906,1.221
71,0.7,0.71,1128251,1128.251,0.522
72,0.71,0.72,1128251,1128.251,0.522
73,0.72,0.73,1128251,1128.251,0.522
74,0.73,0.74,2222822,2222.822,1.029
75,0.74,0.75,2770025,2770.025,1.283
76,0.75,0.76,2770025,2770.025,1.283
77,0.76,0.77,2206503,2206.503,1.022
78,0.77,0.78,1079291,1079.291,0.5
79,0.78,0.79,1079291,1079.291,0.5
80,0.79,0.8,1079291,1079.291,0.5
81,0.8,0.81,3136351,3136.351,1.452
82,0.81,0.82,3136351,3136.351,1.452
83,0.82,0.83,3136351,3136.351,1.452
84,0.83,0.84,1973854,1973.854,0.914
85,0.84,0.85,1392692,1392.692,0.645
86,0.85,0.86,1392692,1392.692,0.645
87,0.86,0.87,2086404,2086.404,0.966
88,0.87,0.88,3474035,3474.035,1.609
89,0.88,0.89,3474035,3474.035,1.609
90,0.89,0.9,3474035,3474.035,1.609
91,0.9,0.91,1314733,1314.733,0.609
92,0.91,0.92,1314733,1314.733,0.609
93,0.92,0.93,1314733,1314.733,0.609
94,0.93,0.94,2515543,2515.543,1.165
95,0.94,0.95,3115858,3115.858,1.443
96,0.95,0.96,3115858,3115.858,1.443
97,0.96,0.97,2558739,2558.739,1.185
98,0.97,0.98,1444334,1444.334,0.669
99,0.98,0.99,1444334,1444.334,0.669
100,0.99,1.0,1444334,1444.334,0.669
101,1.0,1.01,2968830,2968.830,1.375
102,1.01,1.02,2968830,2968.830,1.375
103,1.02,1.03,2968830,2968.830,1.375
104,1.03,1.04,1691292,1691.292,0.783
105,1.04,1.05,1052619,1052.619,0.487
106,1.05,1.06,1052619,1052.619,0.487
107,1.06,1.07,1553464,1553.464,0.719
108,1.07,1.08,2555306,2555.306,1.183
109,1.08,1.09,2555306,2555.306,1.183
110,1.09,1.1,2555306,2555.306,1.183
111,1.1,1.11,1330813,1330.813,0.616
112,1.11,1.12,1330813,1330.813,0.616
113,1.12,1.13,1330813,1330.813,0.616
114,1.13,1.14,2253374,2253.374,1.043
115,1.14,1.15,2714586,2714.586,1.257
116,1.15,1.16,2714586,2714.586,1.257
117,1.16,1.17,2179701,2179.701,1.009
118,1.17,1.18,1109771,1109.771,0.514
119,1.18,1.19,1109771,1109.771,0.514
120,1.19,1.2,1109771,1109.771,0.514
121,1.2,1.21,2524345,2524.345,1.169
122,1.21,1.22,2524345,2524.345,1.169
123,1.22,1.23,2524345,2524.345,1.169
124,1.23,1.24,1646668,1646.668,0.763
125,1.24,1.25,1207896,1207.896,0.559
126,1.25,1.26,1207896,1207.896,0.559
127,1.26,1.27,1619711,1619.711,0.75
128,1.27,1.28,2443464,2443.464,1.132
129,1.28,1.29,2443464,2443.464,1.132
130,1.29,1.3,2443464,2443.464,1.132
131,1.3,1.31,910329,910.329,0.422
132,1.31,1.32,910329,910.329,0.422
133,1.32,1.33,910329,910.329,0.422
134,1.33,1.34,1894820,1894.820,0.877
135,1.34,1.35,2386992,2386.992,1.105
136,1.35,1.36,2386992,2386.992,1.105
137,1.36,1.37,1948096,1948.096,0.902
138,1.37,1.38,1070171,1070.171,0.496
139,1.38,1.39,1070171,1070.171,0.496
140,1.39,1.4,1070171,1070.171,0.496
141,1.4,1.41,2159782,2159.782,1.0
142,1.41,1.42,2159782,2159.782,1.0
143,1.42,1.43,2159782,2159.782,1.0
144,1.43,1.44,1396035,1396.035,0.646
145,1.44,1.45,1014220,1014.220,0.47
146,1.45,1.46,1014220,1014.220,0.47
147,1.46,1.47,1387956,1387.956,0.643
148,1.47,1.48,2135541,2135.541,0.989
149,1.48,1.49,2135541,2135.541,0.989
150,1.49,1.5,2135541,2135.541,0.989
151,1.5,1.51,1258333,1258.333,0.583
152,1.51,1.52,1258333,1258.333,0.583
153,1.52,1.53,1258333,1258.333,0.583
154,1.53,1.54,2143134,2143.134,0.992
155,1.54,1.55,2585468,2585.468,1.197
156,1.55,1.56,2585468,2585.468,1.197
157,1.56,1.57,2079380,2079.380,0.963
158,1.57,1.58,1067051,1067.051,0.494
159,1.58,1.59,1067051,1067.051,0.494
160,1.59,1.6,1067051,1067.051,0.494
161,1.6,1.61,2618906,2618.906,1.213
162,1.61,1.62,2618906,2618.906,1.213
163,1.62,1.63,2618906,2618.906,1.213
164,1.63,1.64,1799949,1799.949,0.834
165,1.64,1.65,1390532,1390.532,0.644
166,1.65,1.66,1390532,1390.532,0.644
167,1.66,1.67,1785631,1785.631,0.827
168,1.67,1.68,2575946,2575.946,1.193
169,1.68,1.69,2575946,2575.946,1.193
170,1.69,1.7,2575946,2575.946,1.193
171,1.7,1.71,855849,855.849,0.396
172,1.71,1.72,855849,855.849,0.396
173,1.72,1.73,855849,855.849,0.396
174,1.73,1.74,1898583,1898.583,0.879
175,1.74,1.75,2419872,2419.872,1.121
176,1.75,1.76,2419872,2419.872,1.121
177,1.76,1.77,1975296,1975.296,0.915
178,1.77,1.78,1086011,1086.011,0.503
179,1.78,1.79,1086011,1086.011,0.503
180,1.79,1.8,1086011,1086.011,0.503
181,1.8,1.81,2906669,2906.669,1.346
182,1.81,1.82,2906669,2906.669,1.346
183,1.82,1.83,2906669,2906.669,1.346
184,1.83,1.84,1531850,1531.850,0.709
185,1.84,1.85,844543,844.543,0.391
186,1.85,1.86,844543,844.543,0.391
187,1.86,1.87,1431219,1431.219,0.663
188,1.87,1.88,2604746,2604.746,1.206
189,1.88,1.89,2604746,2604.746,1.206
190,1.89,1.9,2604746,2604.746,1.206
191,1.9,1.91,978010,978.010,0.453
192,1.91,1.92,978010,978.010,0.453
193,1.92,1.93,978010,978.010,0.453
194,1.93,1.94,2030822,2030.822,0.94
195,1.94,1.95,2557149,2557.149,1.184
196,1.95,1.96,2557149,2557.149,1.184
197,1.96,1.97,1971467,1971.467,0.913
198,1.97,1.98,799928,799.928,0.37
199,1.98,1.99,799928,799.928,0.37
200,1.99,2.0,799928,799.928,0.37
201,2.0,2.01,2430024,2430.024,1.125
202,2.01,2.02,2430024,2430.024,1.125
203,2.02,2.03,2430024,2430.024,1.125
204,2.03,2.04,1564830,1564.830,0.725
205,2.04,2.05,1132297,1132.297,0.524
206,2.05,2.06,1132297,1132.297,0.524
207,2.06,2.07,1768651,1768.651,0.819
208,2.07,2.08,3041550,3041.550,1.408
209,2.08,2.09,3041550,3041.550,1.408
210,2.09,2.1,3041550,3041.550,1.408
211,2.1,2.11,996250,996.250,0.461
212,2.11,2.12,996250,996.250,0.461
213,2.12,2.13,996250,996.250,0.461
214,2.13,2.14,2366511,2366.511,1.096
215,2.14,2.15,3051539,3051.539,1.413
216,2.15,2.16,3051539,3051.539,1.413
217,2.16,2.17,2317316,2317.316,1.073
218,2.17,2.18,848648,848.648,0.393
219,2.18,2.19,848648,848.648,0.393
220,2.19,2.2,848648,848.648,0.393
221,2.2,2.21,3375634,3375.634,1.563
222,2.21,2.22,3375634,3375.634,1.563
223,2.22,2.23,3375634,3375.634,1.563
224,2.23,2.24,1788959,1788.959,0.828
225,2.24,2.25,995740,995.740,0.461
226,2.25,2.26,995740,995.740,0.461
227,2.26,2.27,1535301,1535.301,0.711
228,2.27,2.28,2614586,2614.586,1.211
229,2.28,2.29,2614586,2614.586,1.211
230,2.29,2.3,2614586,2614.586,1.211
231,2.3,2.31,1098011,1098.011,0.508
232,2.31,2.32,1098011,1098.011,0.508
233,2.32,2.33,1098011,1098.011,0.508
234,2.33,2.34,2425389,2425.389,1.123
235,2.34,2.35,3088978,3088.978,1.43
236,2.35,2.36,3088978,3088.978,1.43
237,2.36,2.37,2342036,2342.036,1.085
238,2.37,2.38,847928,847.928,0.393
239,2.38,2.39,847928,847.928,0.393
240,2.39,2.4,847928,847.928,0.393
241,2.4,2.41,3101791,3101.791,1.436
242,2.41,2.42,3101791,3101.791,1.436
243,2.42,2.43,3101791,3101.791,1.436
244,2.43,2.44,1813530,1813.530,0.84
245,2.44,2.45,1169497,1169.497,0.542
246,2.45,2.46,1169497,1169.497,0.542
247,2.46,2.47,1817850,1817.850,0.842
248,2.47,2.48,3114751,3114.751,1.442
249,2.48,2.49,3114751,3114.751,1.442
250,2.49,2.5,3114751,3114.751,1.442
251,2.5,2.51,808328,808.328,0.374
252,2.51,2.52,808328,808.328,0.374
253,2.52,2.53,808328,808.328,0.374
254,2.53,2.54,2164193,2164.193,1.002
255,2.54,2.55,2842023,2842.023,1.316
256,2.55,2.56,2842023,2842.023,1.316
257,2.56,2.57,2202669,2202.669,1.02
258,2.57,2.58,923769,923.769,0.428
259,2.58,2.59,923769,923.769,0.428
260,2.59,2.6,923769,923.769,0.428
261,2.6,2.61,2744187,2744.187,1.271
262,2.61,2.62,2744187,2744.187,1.271
263,2.62,2.63,2744187,2744.187,1.271
264,2.63,2.64,1378492,1378.492,0.638
265,2.64,2.65,695746,695.746,0.322
266,2.65,2.66,695746,695.746,0.322
267,2.66,2.67,1354574,1354.574,0.627
268,2.67,2.68,2672427,2672.427,1.238
269,2.68,2.69,2672427,2672.427,1.238
270,2.69,2.7,2672427,2672.427,1.238
271,2.7,2.71,998410,998.410,0.462
272,2.71,2.72,998410,998.410,0.462
273,2.72,2.73,998410,998.410,0.462
274,2.73,2.74,2192666,2192.666,1.015
275,2.74,2.75,2789704,2789.704,1.292
276,2.75,2.76,2789704,2789.704,1.292
277,2.76,2.77,2159789,2159.789,1.0
278,2.77,2.78,899769,899.769,0.417
279,2.78,2.79,899769,899.769,0.417
280,2.79,2.8,899769,899.769,0.417
281,2.8,2.81,3295233,3295.233,1.526
282,2.81,2.82,3295233,3295.233,1.526
283,2.82,2.83,3295233,3295.233,1.526
284,2.83,2.84,1744561,1744.561,0.808
285,2.84,2.85,969341,969.341,0.449
286,2.85,2.86,969341,969.341,0.449
287,2.86,2.87,1807595,1807.595,0.837
288,2.87,2.88,3484355,3484.355,1.614
289,2.88,2.89,3484355,3484.355,1.614
290,2.89,2.9,3484355,3484.355,1.614
291,2.9,2.91,1305373,1305.373,0.604
292,2.91,2.92,1305373,1305.373,0.604
293,2.92,2.93,1305373,1305.373,0.604
294,2.93,2.94,2873394,2873.394,1.331
295,2.94,2.95,3657287,3657.287,1.694
296,2.95,2.96,3657287,3657.287,1.694
297,2.96,2.97,2873954,2873.954,1.331
298,2.97,2.98,1307053,1307.053,0.605
299,2.98,2.99,1307053,1307.053,0.605
300,2.99,3.0,1307053,1307.053,0.605
301,3.0,3.01,3869559,3869.559,1.792
302,3.01,3.02,3869559,3869.559,1.792
303,3.02,3.03,3869559,3869.559,1.792
304,3.03,3.04,2004625,2004.625,0.928
305,3.04,3.05,1072299,1072.299,0.497
306,3.05,3.06,1072299,1072.299,0.497
307,3.06,3.07,2045422,2045.422,0.947
308,3.07,3.08,3991960,3991.960,1.849
309,3.08,3.09,3991960,3991.960,1.849
310,3.09,3.1,3991960,3991.960,1.849
311,3.1,3.11,1223772,1223.772,0.567
312,3.11,3.12,1223772,1223.772,0.567
313,3.12,3.13,1223772,1223.772,0.567
314,3.13,3.14,2870197,2870.197,1.329
315,3.14,3.15,3693286,3693.286,1.71
316,3.15,3.16,3693286,3693.286,1.71
317,3.16,3.17,2737649,2737.649,1.268
318,3.17,3.18,826088,826.088,0.383
319,3.18,3.19,826088,826.088,0.383
320,3.19,3.2,826088,826.088,0.383
321,3.2,3.21,3054031,3054.031,1.414
322,3.21,3.22,3054031,3054.031,1.414
323,3.22,3.23,3054031,3054.031,1.414
324,3.23,3.24,1696169,1696.169,0.785
325,3.24,3.25,1017340,1017.340,0.471
326,3.25,3.26,1017340,1017.340,0.471
327,3.26,3.27,1713047,1713.047,0.793
328,3.27,3.28,3104671,3104.671,1.438
329,3.28,3.29,3104671,3104.671,1.438
330,3.29,3.3,3104671,3104.671,1.438
331,3.3,3.31,779048,779.048,0.361
332,3.31,3.32,779048,779.048,0.361
333,3.32,3.33,779048,779.048,0.361
334,3.33,3.34,2293158,2293.158,1.062
335,3.34,3.35,3050099,3050.099,1.412
336,3.35,3.36,3050099,3050.099,1.412
337,3.36,3.37,2440344,2440.344,1.13
338,3.37,3.38,1220652,1220.652,0.565
339,3.38,3.39,1220652,1220.652,0.565
340,3.39,3.4,1220652,1220.652,0.565
341,3.4,3.41,3217472,3217.472,1.49
342,3.41,3.42,3217472,3217.472,1.49
343,3.42,3.43,3217472,3217.472,1.49
344,3.43,3.44,1685042,1685.042,0.78
345,3.44,3.45,918942,918.942,0.426
346,3.45,3.46,918942,918.942,0.426
347,3.46,3.47,1741997,1741.997,0.807
348,3.47,3.48,3388354,3388.354,1.569
349,3.48,3.49,3388354,3388.354,1.569
350,3.49,3.5,3388354,3388.354,1.569
351,3.5,3.51,1071851,1071.851,0.496
352,3.51,3.52,1071851,1071.851,0.496
353,3.52,3.53,1071851,1071.851,0.496
354,3.53,3.54,2210903,2210.903,1.024
355,3.54,3.55,2780344,2780.344,1.288
356,3.55,3.56,2780344,2780.344,1.288
357,3.56,3.57,2180346,2180.346,1.01
358,3.57,3.58,980170,980.170,0.454
359,3.58,3.59,980170,980.170,0.454
360,3.59,3.6,980170,980.170,0.454
361,3.6,3.61,2939069,2939.069,1.361
362,3.61,3.62,2939069,2939.069,1.361
363,3.62,3.63,2939069,2939.069,1.361
364,3.63,3.64,2006023,2006.023,0.929
365,3.64,3.65,1539569,1539.569,0.713
366,3.65,3.66,1539569,1539.569,0.713
367,3.66,3.67,2106174,2106.174,0.975
368,3.67,3.68,3239552,3239.552,1.5
369,3.68,3.69,3239552,3239.552,1.5
370,3.69,3.7,3239552,3239.552,1.5
371,3.7,3.71,1142411,1142.411,0.529
372,3.71,3.72,1142411,1142.411,0.529
373,3.72,3.73,1142411,1142.411,0.529
374,3.73,3.74,2472988,2472.988,1.145
375,3.74,3.75,3138177,3138.177,1.453
376,3.75,3.76,3138177,3138.177,1.453
377,3.76,3.77,2523304,2523.304,1.168
378,3.77,3.78,1293373,1293.373,0.599
379,3.78,3.79,1293373,1293.373,0.599
380,3.79,3.8,1293373,1293.373,0.599
381,3.8,3.81,3032190,3032.190,1.404
382,3.81,3.82,3032190,3032.190,1.404
383,3.82,3.83,3032190,3032.190,1.404
384,3.83,3.84,1639768,1639.768,0.759
385,3.84,3.85,943661,943.661,0.437
386,3.85,3.86,943661,943.661,0.437
387,3.86,3.87,1705282,1705.282,0.79
388,3.87,3.88,3228752,3228.752,1.495
389,3.88,3.89,3228752,3228.752,1.495
390,3.89,3.9,3228752,3228.752,1.495
391,3.9,3.91,1131131,1131.131,0.524
392,3.91,3.92,1131131,1131.131,0.524
393,3.92,3.93,1131131,1131.131,0.524
394,3.93,3.94,2037856,2037.856,0.944
395,3.94,3.95,2491150,2491.150,1.154
396,3.95,3.96,2491150,2491.150,1.154
397,3.96,3.97,1951704,1951.704,0.904
398,3.97,3.98,872649,872.649,0.404
399,3.98,3.99,872649,872.649,0.404
400,3.99,4.0,872649,872.649,0.404
401,4.0,4.01,2421864,2421.864,1.122
402,4.01,4.02,2421864,2421.864,1.122
403,4.02,4.03,2421864,2421.864,1.122
404,4.03,4.04,1703714,1703.714,0.789
405,4.04,4.05,1344693,1344.693,0.623
406,4.05,4.06,1344693,1344.693,0.623
407,4.06,4.07,1915695,1915.695,0.887
408,4.07,4.08,3057871,3057.871,1.416
409,4.08,4.09,3057871,3057.871,1.416
410,4.09,4.1,3057871,3057.871,1.416
411,4.1,4.11,1135211,1135.211,0.526
412,4.11,4.12,1135211,1135.211,0.526
413,4.12,4.13,1135211,1135.211,0.526
414,4.13,4.14,2366586,2366.586,1.096
415,4.14,4.15,2982180,2982.180,1.381
416,4.15,4.16,2982180,2982.180,1.381
417,4.16,4.17,2552329,2552.329,1.182
418,4.17,4.18,1692497,1692.497,0.784
419,4.18,4.19,1692497,1692.497,0.784
420,4.19,4.2,1692497,1692.497,0.784
421,4.2,4.21,2327063,2327.063,1.078
422,4.21,4.22,2327063,2327.063,1.078
423,4.22,4.23,2327063,2327.063,1.078
424,4.23,4.24,1462831,1462.831,0.677
425,4.24,4.25,1030779,1030.779,0.477
426,4.25,4.26,1030779,1030.779,0.477
427,4.26,4.27,1837357,1837.357,0.851
428,4.27,4.28,3450755,3450.755,1.598
429,4.28,4.29,3450755,3450.755,1.598
430,4.29,4.3,3450755,3450.755,1.598
431,4.3,4.31,1553056,1553.056,0.719
432,4.31,4.32,1553056,1553.056,0.719
433,4.32,4.33,1553056,1553.056,0.719
434,4.33,4.34,2406810,2406.810,1.115
435,4.34,4.35,2833623,2833.623,1.312
436,4.35,4.36,2833623,2833.623,1.312
437,4.36,4.37,2326177,2326.177,1.077
438,4.37,4.38,1311133,1311.133,0.607
439,4.38,4.39,1311133,1311.133,0.607
440,4.39,4.4,1311133,1311.133,0.607
441,4.4,4.41,3083071,3083.071,1.428
442,4.41,4.42,3083071,3083.071,1.428
443,4.42,4.43,3083071,3083.071,1.428
444,4.43,4.44,1896094,1896.094,0.878
445,4.44,4.45,1302694,1302.694,0.603
446,4.45,4.46,1302694,1302.694,0.603
447,4.46,4.47,1901053,1901.053,0.88
448,4.47,4.48,3097951,3097.951,1.435
449,4.48,4.49,3097951,3097.951,1.435
450,4.49,4.5,3097951,3097.951,1.435
451,4.5,4.51,1245132,1245.132,0.577
452,4.51,4.52,1245132,1245.132,0.577
453,4.52,4.53,1245132,1245.132,0.577
454,4.53,4.54,2151535,2151.535,0.996
455,4.54,4.55,2604668,2604.668,1.206
456,4.55,4.56,2604668,2604.668,1.206
457,4.56,4.57,2289202,2289.202,1.06
458,4.57,4.58,1658177,1658.177,0.768
459,4.58,4.59,1658177,1658.177,0.768
460,4.59,4.6,1658177,1658.177,0.768
461,4.6,4.61,2441304,2441.304,1.131
462,4.61,4.62,2441304,2441.304,1.131
463,4.62,4.63,2441304,2441.304,1.131
464,4.63,4.64,1714994,1714.994,0.794
465,4.64,4.65,1351893,1351.893,0.626
466,4.65,4.66,1351893,1351.893,0.626
467,4.66,4.67,1966971,1966.971,0.911
468,4.67,4.68,3197312,3197.312,1.481
469,4.68,4.69,3197312,3197.312,1.481
470,4.69,4.7,3197312,3197.312,1.481
471,4.7,4.71,1315693,1315.693,0.609
472,4.71,4.72,1315693,1315.693,0.609
473,4.72,4.73,1315693,1315.693,0.609
474,4.73,4.74,2097930,2097.930,0.972
475,4.74,4.75,2488990,2488.990,1.153
476,4.75,4.76,2488990,2488.990,1.153
477,4.76,4.77,1977381,1977.381,0.916
478,4.77,4.78,954010,954.010,0.442
479,4.78,4.79,954010,954.010,0.442
480,4.79,4.8,954010,954.010,0.442
481,4.8,4.81,2650827,2650.827,1.228
482,4.81,4.82,2650827,2650.827,1.228
483,4.82,4.83,2650827,2650.827,1.228
484,4.83,4.84,1702105,1702.105,0.788
485,4.84,4.85,1227815,1227.815,0.569
486,4.85,4.86,1227815,1227.815,0.569
487,4.86,4.87,1872970,1872.970,0.867
488,4.87,4.88,3163472,3163.472,1.465
489,4.88,4.89,3163472,3163.472,1.465
490,4.89,4.9,3163472,3163.472,1.465
491,4.9,4.91,990250,990.250,0.459
492,4.91,4.92,990250,990.250,0.459
493,4.92,4.93,990250,990.250,0.459
494,4.93,4.94,2124184,2124.184,0.984
495,4.94,4.95,2691066,2691.066,1.246
496,4.95,4.96,2691066,2691.066,1.246
497,4.96,4.97,3426627,3426.627,1.587
498,4.97,4.98,4897969,4897.969,2.268
499,4.98,4.99,4897969,4897.969,2.268
500,4.99,5.0,4897969,4897.969,2.268
501,5.0,5.01,613926,613.926,0.284
502,5.01,5.02,613926,613.926,0.284
503,5.02,5.03,613926,613.926,0.284
504,5.03,5.04,1945634,1945.634,0.901
505,5.04,5.05,2611388,2611.388,1.209
506,5.05,5.06,2611388,2611.388,1.209
507,5.06,5.07,1967392,1967.392,0.911
508,5.07,5.08,679207,679.207,0.315
509,5.08,5.09,679207,679.207,0.315
510,5.09,5.1,679207,679.207,0.315
511,5.1,5.11,1619296,1619.296,0.75
512,5.11,5.12,1619296,1619.296,0.75
513,5.12,5.13,1619296,1619.296,0.75
514,5.13,5.14,1236852,1236.852,0.573
515,5.14,5.15,1045659,1045.659,0.484
516,5.15,5.16,1045659,1045.659,0.484
517,5.16,5.17,1370760,1370.760,0.635
518,5.17,5.18,2021060,2021.060,0.936
519,5.18,5.19,2021060,2021.060,0.936
520,5.19,5.2,2021060,2021.060,0.936
521,5.2,5.21,621366,621.366,0.288
522,5.21,5.22,621366,621.366,0.288
523,5.22,5.23,621366,621.366,0.288
524,5.23,5.24,1598183,1598.183,0.74
525,5.24,5.25,2086518,2086.518,0.966
526,5.25,5.26,2086518,2086.518,0.966
527,5.26,5.27,1848641,1848.641,0.856
528,5.27,5.28,1372814,1372.814,0.636
529,5.28,5.29,1372814,1372.814,0.636
530,5.29,5.3,1372814,1372.814,0.636
531,5.3,5.31,2221702,2221.702,1.029
532,5.31,5.32,2221702,2221.702,1.029
533,5.32,5.33,2221702,2221.702,1.029
534,5.33,5.34,1173946,1173.946,0.544
535,5.34,5.35,650147,650.147,0.301
536,5.35,5.36,650147,650.147,0.301
537,5.36,5.37,1205544,1205.544,0.558
538,5.37,5.38,2316503,2316.503,1.073
539,5.38,5.39,2316503,2316.503,1.073
540,5.39,5.4,2316503,2316.503,1.073
541,5.4,5.41,768248,768.248,0.356
542,5.41,5.42,768248,768.248,0.356
543,5.42,5.43,768248,768.248,0.356
544,5.43,5.44,1800103,1800.103,0.834
545,5.44,5.45,2315954,2315.954,1.072
546,5.45,5.46,2315954,2315.954,1.072
547,5.46,5.47,1799863,1799.863,0.833
548,5.47,5.48,767528,767.528,0.355
549,5.48,5.49,767528,767.528,0.355
550,5.49,5.5,767528,767.528,0.355
551,5.5,5.51,2154742,2154.742,0.998
552,5.51,5.52,2154742,2154.742,0.998
553,5.52,5.53,2154742,2154.742,0.998
554,5.53,5.54,1374995,1374.995,0.637
555,5.54,5.55,985180,985.180,0.456
556,5.55,5.56,985180,985.180,0.456
557,5.56,5.57,1590256,1590.256,0.736
558,5.57,5.58,2800588,2800.588,1.297
559,5.58,5.59,2800588,2800.588,1.297
560,5.59,5.6,2800588,2800.588,1.297
561,5.6,5.61,860889,860.889,0.399
562,5.61,5.62,860889,860.889,0.399
563,5.62,5.63,860889,860.889,0.399
564,5.63,5.64,2486520,2486.520,1.151
565,5.64,5.65,3299214,3299.214,1.528
566,5.65,5.66,3299214,3299.214,1.528
567,5.66,5.67,2618428,2618.428,1.213
568,5.67,5.68,1256653,1256.653,0.582
569,5.68,5.69,1256653,1256.653,0.582
570,5.69,5.7,1256653,1256.653,0.582
571,5.7,5.71,3092191,3092.191,1.432
572,5.71,5.72,3092191,3092.191,1.432
573,5.72,5.73,3092191,3092.191,1.432
574,5.73,5.74,1578484,1578.484,0.731
575,5.74,5.75,821744,821.744,0.381
576,5.75,5.76,821744,821.744,0.381
577,5.76,5.77,1553126,1553.126,0.719
578,5.77,5.78,3016110,3016.110,1.397
579,5.78,5.79,3016110,3016.110,1.397
580,5.79,5.8,3016110,3016.110,1.397
581,5.8,5.81,1010890,1010.890,0.468
582,5.81,5.82,1010890,1010.890,0.468
583,5.82,5.83,1010890,1010.890,0.468
584,5.83,5.84,2192345,2192.345,1.015
585,5.84,5.85,2782984,2782.984,1.289
586,5.85,5.86,2782984,2782.984,1.289
587,5.86,5.87,2269298,2269.298,1.051
588,5.87,5.88,1241772,1241.772,0.575
589,5.88,5.89,1241772,1241.772,0.575
590,5.89,5.9,1241772,1241.772,0.575
591,5.9,5.91,2809228,2809.228,1.301
592,5.91,5.92,2809228,2809.228,1.301
593,5.92,5.93,2809228,2809.228,1.301
594,5.93,5.94,1579535,1579.535,0.731
595,5.94,5.95,964781,964.781,0.447
596,5.95,5.96,964781,964.781,0.447
597,5.96,5.97,1469705,1469.705,0.681
598,5.97,5.98,2479705,2479.705,1.148
599,5.98,5.99,2479705,2479.705,1.148
600,5.99,6.0,2479705,2479.705,1.148
601,6.0,6.01,729607,729.607,0.338
602,6.01,6.02,729607,729.607,0.338
603,6.02,6.03,729607,729.607,0.338
604,6.03,6.04,1724823,1724.823,0.799
605,6.04,6.05,2222356,2222.356,1.029
606,6.05,6.06,2222356,2222.356,1.029
607,6.06,6.07,1798736,1798.736,0.833
608,6.07,6.08,951370,951.370,0.441
609,6.08,6.09,951370,951.370,0.441
610,6.09,6.1,951370,951.370,0.441
611,6.1,6.11,2772028,2772.028,1.284
612,6.11,6.12,2772028,2772.028,1.284
613,6.12,6.13,2772028,2772.028,1.284
614,6.13,6.14,1661859,1661.859,0.77
615,6.14,6.15,1106858,1106.858,0.513
616,6.15,6.16,1106858,1106.858,0.513
617,6.16,6.17,1827204,1827.204,0.846
618,6.17,6.18,3268113,3268.113,1.513
619,6.18,6.19,3268113,3268.113,1.513
620,6.19,6.2,3268113,3268.113,1.513
621,6.2,6.21,1278973,1278.973,0.592
622,6.21,6.22,1278973,1278.973,0.592
623,6.22,6.23,1278973,1278.973,0.592
624,6.23,6.24,2818033,2818.033,1.305
625,6.24,6.25,3587448,3587.448,1.661
626,6.25,6.26,3587448,3587.448,1.661
627,6.26,6.27,2674046,2674.046,1.238
628,6.27,6.28,846968,846.968,0.392
629,6.28,6.29,846968,846.968,0.392
630,6.29,6.3,846968,846.968,0.392
631,6.3,6.31,3715237,3715.237,1.72
632,6.31,6.32,3715237,3715.237,1.72
633,6.32,6.33,3715237,3715.237,1.72
634,6.33,6.34,2010152,2010.152,0.931
635,6.34,6.35,1157737,1157.737,0.536
636,6.35,6.36,1157737,1157.737,0.536
637,6.36,6.37,1682021,1682.021,0.779
638,6.37,6.38,2730747,2730.747,1.265
639,6.38,6.39,2730747,2730.747,1.265
640,6.39,6.4,2730747,2730.747,1.265
641,6.4,6.41,688087,688.087,0.319
642,6.41,6.42,688087,688.087,0.319
643,6.42,6.43,688087,688.087,0.319
644,6.43,6.44,1854668,1854.668,0.859
645,6.44,6.45,2437871,2437.871,1.129
646,6.45,6.46,2437871,2437.871,1.129
647,6.46,6.47,1912663,1912.663,0.886
648,6.47,6.48,862089,862.089,0.399
649,6.48,6.49,862089,862.089,0.399
650,6.49,6.5,862089,862.089,0.399
651,6.5,6.51,2968110,2968.110,1.374
652,6.51,6.52,2968110,2968.110,1.374
653,6.52,6.53,2968110,2968.110,1.374
654,6.53,6.54,1606729,1606.729,0.744
655,6.54,6.55,926141,926.141,0.429
656,6.55,6.56,926141,926.141,0.429
657,6.56,6.57,1647046,1647.046,0.763
658,6.57,6.58,3089071,3089.071,1.43
659,6.58,6.59,3089071,3089.071,1.43
660,6.59,6.6,3089071,3089.071,1.43
661,6.6,6.61,1153212,1153.212,0.534
662,6.61,6.62,1153212,1153.212,0.534
663,6.62,6.63,1153212,1153.212,0.534
664,6.63,6.64,2883800,2883.800,1.335
665,6.64,6.65,3748965,3748.965,1.736
666,6.65,6.66,3748965,3748.965,1.736
667,6.66,6.67,2816366,2816.366,1.304
668,6.67,6.68,950890,950.890,0.44
669,6.68,6.69,950890,950.890,0.44
670,6.69,6.7,950890,950.890,0.44
671,6.7,6.71,3637716,3637.716,1.685
672,6.71,6.72,3637716,3637.716,1.685
673,6.72,6.73,3637716,3637.716,1.685
674,6.73,6.74,1898871,1898.871,0.879
675,6.74,6.75,1029579,1029.579,0.477
676,6.75,6.76,1029579,1029.579,0.477
677,6.76,6.77,1837917,1837.917,0.851
678,6.77,6.78,3454835,3454.835,1.6
679,6.78,6.79,3454835,3454.835,1.6
680,6.79,6.8,3454835,3454.835,1.6
681,6.8,6.81,785288,785.288,0.364
682,6.81,6.82,785288,785.288,0.364
683,6.82,6.83,785288,785.288,0.364
684,6.83,6.84,2242436,2242.436,1.038
685,6.84,6.85,2970901,2970.901,1.376
686,6.85,6.86,2970901,2970.901,1.376
687,6.86,6.87,2342107,2342.107,1.085
688,6.87,6.88,1084331,1084.331,0.502
689,6.88,6.89,1084331,1084.331,0.502
690,6.89,6.9,1084331,1084.331,0.502
691,6.9,6.91,3172112,3172.112,1.469
692,6.91,6.92,3172112,3172.112,1.469
693,6.92,6.93,3172112,3172.112,1.469
694,6.93,6.94,1619362,1619.362,0.75
695,6.94,6.95,843103,843.103,0.39
696,6.95,6.96,843103,843.103,0.39
697,6.96,6.97,1530090,1530.090,0.709
698,6.97,6.98,2904269,2904.269,1.345
699,6.98,6.99,2904269,2904.269,1.345
700,6.99,7.0,2904269,2904.269,1.345
701,7.0,7.01,1368974,1368.974,0.634
702,7.01,7.02,1368974,1368.974,0.634
703,7.02,7.03,1368974,1368.974,0.634
704,7.03,7.04,2168810,2168.810,1.004
705,7.04,7.05,2568669,2568.669,1.189
706,7.05,7.06,2568669,2568.669,1.189
707,7.06,7.07,2245603,2245.603,1.04
708,7.07,7.08,1599376,1599.376,0.741
709,7.08,7.09,1599376,1599.376,0.741
710,7.09,7.1,1599376,1599.376,0.741
711,7.1,7.11,2669307,2669.307,1.236
712,7.11,7.12,2669307,2669.307,1.236
713,7.12,7.13,2669307,2669.307,1.236
714,7.13,7.14,1861709,1861.709,0.862
715,7.14,7.15,1457971,1457.971,0.675
716,7.15,7.16,1457971,1457.971,0.675
717,7.16,7.17,2177841,2177.841,1.009
718,7.17,7.18,3617796,3617.796,1.675
719,7.18,7.19,3617796,3617.796,1.675
720,7.19,7.2,3617796,3617.796,1.675
721,7.2,7.21,1236732,1236.732,0.573
722,7.21,7.22,1236732,1236.732,0.573
723,7.22,7.23,1236732,1236.732,0.573
724,7.23,7.24,3032602,3032.602,1.404
725,7.24,7.25,3930401,3930.401,1.82
726,7.25,7.26,3930401,3930.401,1.82
727,7.26,7.27,2995805,2995.805,1.387
728,7.27,7.28,1126331,1126.331,0.522
729,7.28,7.29,1126331,1126.331,0.522
730,7.29,7.3,1126331,1126.331,0.522
731,7.3,7.31,4356044,4356.044,2.017
732,7.31,7.32,4356044,4356.044,2.017
733,7.32,7.33,4356044,4356.044,2.017
734,7.33,7.34,2105969,2105.969,0.975
735,7.34,7.35,981100,981.100,0.454
736,7.35,7.36,981100,981.100,0.454
737,7.36,7.37,1869110,1869.110,0.866
738,7.37,7.38,3645396,3645.396,1.688
739,7.38,7.39,3645396,3645.396,1.688
740,7.39,7.4,3645396,3645.396,1.688
741,7.4,7.41,1154172,1154.172,0.534
742,7.41,7.42,1154172,1154.172,0.534
743,7.42,7.43,1154172,1154.172,0.534
744,7.43,7.44,2886040,2886.040,1.336
745,7.44,7.45,3751845,3751.845,1.737
746,7.45,7.46,3751845,3751.845,1.737
747,7.46,7.47,2788369,2788.369,1.291
748,7.47,7.48,861129,861.129,0.399
749,7.48,7.49,861129,861.129,0.399
750,7.49,7.5,861129,861.129,0.399
751,7.5,7.51,3458435,3458.435,1.602
752,7.51,7.52,3458435,3458.435,1.602
753,7.52,7.53,3458435,3458.435,1.602
754,7.53,7.54,1878158,1878.158,0.87
755,7.54,7.55,1088138,1088.138,0.504
756,7.55,7.56,1088138,1088.138,0.504
757,7.56,7.57,1814084,1814.084,0.84
758,7.57,7.58,3266193,3266.193,1.513
759,7.58,7.59,3266193,3266.193,1.513
760,7.59,7.6,3266193,3266.193,1.513
761,7.6,7.61,800168,800.168,0.371
762,7.61,7.62,800168,800.168,0.371
763,7.62,7.63,800168,800.168,0.371
764,7.63,7.64,2451882,2451.882,1.135
765,7.64,7.65,3277614,3277.614,1.518
766,7.65,7.66,3277614,3277.614,1.518
767,7.66,7.67,2504597,2504.597,1.16
768,7.67,7.68,958330,958.330,0.444
769,7.68,7.69,958330,958.330,0.444
770,7.69,7.7,958330,958.330,0.444
771,7.7,7.71,3077551,3077.551,1.425
772,7.71,7.72,3077551,3077.551,1.425
773,7.72,7.73,3077551,3077.551,1.425
774,7.73,7.74,1580004,1580.004,0.732
775,7.74,7.75,831343,831.343,0.385
776,7.75,7.76,831343,831.343,0.385
777,7.76,7.77,1773667,1773.667,0.821
778,7.77,7.78,3658597,3658.597,1.694
779,7.78,7.79,3658597,3658.597,1.694
780,7.79,7.8,3658597,3658.597,1.694
781,7.8,7.81,1351934,1351.934,0.626
782,7.81,7.82,1351934,1351.934,0.626
783,7.82,7.83,1351934,1351.934,0.626
784,7.83,7.84,2300255,2300.255,1.065
785,7.84,7.85,2774345,2774.345,1.285
786,7.85,7.86,2774345,2774.345,1.285
787,7.86,7.87,2071556,2071.556,0.959
788,7.87,7.88,665767,665.767,0.308
789,7.88,7.89,665767,665.767,0.308
790,7.89,7.9,665767,665.767,0.308
791,7.9,7.91,2297543,2297.543,1.064
792,7.91,7.92,2297543,2297.543,1.064
793,7.92,7.93,2297543,2297.543,1.064
794,7.93,7.94,1697959,1697.959,0.786
795,7.94,7.95,1398212,1398.212,0.647
796,7.95,7.96,1398212,1398.212,0.647
797,7.96,7.97,1831787,1831.787,0.848
798,7.97,7.98,2699067,2699.067,1.25
799,7.98,7.99,2699067,2699.067,1.25
800,7.99,8.0,2699067,2699.067,1.25
801,8.0,8.01,1024330,1024.330,0.474
802,8.01,8.02,1024330,1024.330,0.474
803,8.02,8.03,1024330,1024.330,0.474
804,8.03,8.04,2904526,2904.526,1.345
805,8.04,8.05,3844483,3844.483,1.78
806,8.05,8.06,3844483,3844.483,1.78
807,8.06,8.07,3101948,3101.948,1.436
808,8.07,8.08,1616656,1616.656,0.749
809,8.08,8.09,1616656,1616.656,0.749
810,8.09,8.1,1616656,1616.656,0.749
811,8.1,8.11,3455555,3455.555,1.6
812,8.11,8.12,3455555,3455.555,1.6
813,8.12,8.13,3455555,3455.555,1.6
814,8.13,8.14,1559589,1559.589,0.722
815,8.14,8.15,611748,611.748,0.283
816,8.15,8.16,611748,611.748,0.283
817,8.16,8.17,1457598,1457.598,0.675
818,8.17,8.18,3149551,3149.551,1.458
819,8.18,8.19,3149551,3149.551,1.458
820,8.19,8.2,3149551,3149.551,1.458
821,8.2,8.21,919209,919.209,0.426
822,8.21,8.22,919209,919.209,0.426
823,8.22,8.23,919209,919.209,0.426
824,8.23,8.24,1802257,1802.257,0.835
825,8.24,8.25,2243715,2243.715,1.039
826,8.25,8.26,2243715,2243.715,1.039
827,8.26,8.27,1699307,1699.307,0.787
828,8.27,8.28,610326,610.326,0.283
829,8.28,8.29,610326,610.326,0.283
830,8.29,8.3,610326,610.326,0.283
831,8.3,8.31,2787868,2787.868,1.291
832,8.31,8.32,2787868,2787.868,1.291
833,8.32,8.33,2787868,2787.868,1.291
834,8.33,8.34,1477213,1477.213,0.684
835,8.34,8.35,821984,821.984,0.381
836,8.35,8.36,821984,821.984,0.381
837,8.36,8.37,1392420,1392.420,0.645
838,8.37,8.38,2533465,2533.465,1.173
839,8.38,8.39,2533465,2533.465,1.173
840,8.39,8.4,2533465,2533.465,1.173
841,8.4,8.41,654007,654.007,0.303
842,8.41,8.42,654007,654.007,0.303
843,8.42,8.43,654007,654.007,0.303
844,8.43,8.44,1997394,1997.394,0.925
845,8.44,8.45,2668987,2668.987,1.236
846,8.45,8.46,2668987,2668.987,1.236
847,8.46,8.47,2085866,2085.866,0.966
848,8.47,8.48,919449,919.449,0.426
849,8.48,8.49,919449,919.449,0.426
850,8.49,8.5,919449,919.449,0.426
851,8.5,8.51,2668107,2668.107,1.236
852,8.51,8.52,2668107,2668.107,1.236
853,8.52,8.53,2668107,2668.107,1.236
854,8.53,8.54,1230410,1230.410,0.57
855,8.54,8.55,511670,511.670,0.237
856,8.55,8.56,511670,511.670,0.237
857,8.56,8.57,1166256,1166.256,0.54
858,8.57,8.58,2475625,2475.625,1.146
859,8.58,8.59,2475625,2475.625,1.146
860,8.59,8.6,2475625,2475.625,1.146
861,8.6,8.61,1075931,1075.931,0.498
862,8.61,8.62,1075931,1075.931,0.498
863,8.62,8.63,1075931,1075.931,0.498
864,8.63,8.64,2116580,2116.580,0.98
865,8.64,8.65,2636827,2636.827,1.221
866,8.65,8.66,2636827,2636.827,1.221
867,8.66,8.67,2124820,2124.820,0.984
868,8.67,8.68,1100651,1100.651,0.51
869,8.68,8.69,1100651,1100.651,0.51
870,8.69,8.7,1100651,1100.651,0.51
871,8.7,8.71,2789068,2789.068,1.292
872,8.71,8.72,2789068,2789.068,1.292
873,8.72,8.73,2789068,2789.068,1.292
874,8.73,8.74,1748981,1748.981,0.81
875,8.74,8.75,1229015,1229.015,0.569
876,8.75,8.76,1229015,1229.015,0.569
877,8.76,8.77,1923845,1923.845,0.891
878,8.77,8.78,3313713,3313.713,1.535
879,8.78,8.79,3313713,3313.713,1.535
880,8.79,8.8,3313713,3313.713,1.535
881,8.8,8.81,1022170,1022.170,0.473
882,8.81,8.82,1022170,1022.170,0.473
883,8.82,8.83,1022170,1022.170,0.473
884,8.83,8.84,2611157,2611.157,1.209
885,8.84,8.85,3405532,3405.532,1.577
886,8.85,8.86,3405532,3405.532,1.577
887,8.86,8.87,2585800,2585.800,1.197
888,8.87,8.88,946089,946.089,0.438
889,8.88,8.89,946089,946.089,0.438
890,8.89,8.9,946089,946.089,0.438
891,8.9,8.91,3437554,3437.554,1.592
892,8.91,8.92,3437554,3437.554,1.592
893,8.92,8.93,3437554,3437.554,1.592
894,8.93,8.94,1576630,1576.630,0.73
895,8.94,8.95,646307,646.307,0.299
896,8.95,8.96,646307,646.307,0.299
897,8.96,8.97,1523275,1523.275,0.705
898,8.97,8.98,3277473,3277.473,1.518
899,8.98,8.99,3277473,3277.473,1.518
900,8.99,9.0,3277473,3277.473,1.518
901,9.0,9.01,867129,867.129,0.402
902,9.01,9.02,867129,867.129,0.402
903,9.02,9.03,867129,867.129,0.402
904,9.03,9.04,1955944,1955.944,0.906
905,9.04,9.05,2500270,2500.270,1.158
906,9.05,9.06,2500270,2500.270,1.158
907,9.06,9.07,1953704,1953.704,0.905
908,9.07,9.08,860409,860.409,0.398
909,9.08,9.09,860409,860.409,0.398
910,9.09,9.1,860409,860.409,0.398
911,9.1,9.11,3141871,3141.871,1.455
912,9.11,9.12,3141871,3141.871,1.455
913,9.12,9.13,3141871,3141.871,1.455
914,9.13,9.14,1585922,1585.922,0.734
915,9.14,9.15,808064,808.064,0.374
916,9.15,9.16,808064,808.064,0.374
917,9.16,9.17,1549605,1549.605,0.718
918,9.17,9.18,3032910,3032.910,1.404
919,9.18,9.19,3032910,3032.910,1.404
920,9.19,9.2,3032910,3032.910,1.404
921,9.2,9.21,728647,728.647,0.337
922,9.21,9.22,728647,728.647,0.337
923,9.22,9.23,728647,728.647,0.337
924,9.23,9.24,2167236,2167.236,1.004
925,9.24,9.25,2886422,2886.422,1.337
926,9.25,9.26,2886422,2886.422,1.337
927,9.26,9.27,2181155,2181.155,1.01
928,9.27,9.28,770408,770.408,0.357
929,9.28,9.29,770408,770.408,0.357
930,9.29,9.3,770408,770.408,0.357
931,9.3,9.31,3011790,3011.790,1.395
932,9.31,9.32,3011790,3011.790,1.395
933,9.32,9.33,3011790,3011.790,1.395
934,9.33,9.34,1526885,1526.885,0.707
935,9.34,9.35,784544,784.544,0.363
936,9.35,9.36,784544,784.544,0.363
937,9.36,9.37,1510567,1510.567,0.7
938,9.37,9.38,2962830,2962.830,1.372
939,9.38,9.39,2962830,2962.830,1.372
940,9.39,9.4,2962830,2962.830,1.372
941,9.4,9.41,741367,741.367,0.343
942,9.41,9.42,741367,741.367,0.343
943,9.42,9.43,741367,741.367,0.343
944,9.43,9.44,2190836,2190.836,1.015
945,9.44,9.45,2915462,2915.462,1.35
946,9.45,9.46,2915462,2915.462,1.35
947,9.46,9.47,2137321,2137.321,0.99
948,9.47,9.48,580806,580.806,0.269
949,9.48,9.49,580806,580.806,0.269
950,9.49,9.5,580806,580.806,0.269
951,9.5,9.51,2719947,2719.947,1.26
952,9.51,9.52,2719947,2719.947,1.26
953,9.52,9.53,2719947,2719.947,1.26
954,9.53,9.54,1412174,1412.174,0.654
955,9.54,9.55,758385,758.385,0.351
956,9.55,9.56,758385,758.385,0.351
957,9.56,9.57,1489287,1489.287,0.69
958,9.57,9.58,2951310,2951.310,1.367
959,9.58,9.59,2951310,2951.310,1.367
960,9.59,9.6,2951310,2951.310,1.367
961,9.6,9.61,1313533,1313.533,0.608
962,9.61,9.62,1313533,1313.533,0.608
963,9.62,9.63,1313533,1313.533,0.608
964,9.63,9.64,3380129,3380.129,1.565
965,9.64,9.65,4413272,4413.272,2.044
966,9.65,9.66,4413272,4413.272,2.044
967,9.66,9.67,3326294,3326.294,1.54
968,9.67,9.68,1152012,1152.012,0.533
969,9.68,9.69,1152012,1152.012,0.533
970,9.69,9.7,1152012,1152.012,0.533
971,9.7,9.71,3489155,3489.155,1.616
972,9.71,9.72,3489155,3489.155,1.616
973,9.72,9.73,3489155,3489.155,1.616
974,9.73,9.74,1843276,1843.276,0.854
975,9.74,9.75,1020460,1020.460,0.473
976,9.75,9.76,1020460,1020.460,0.473
977,9.76,9.77,1668731,1668.731,0.773
978,9.77,9.78,2965470,2965.470,1.373
979,9.78,9.79,2965470,2965.470,1.373
980,9.79,9.8,2965470,2965.470,1.373
981,9.8,9.81,1293613,1293.613,0.599
982,9.81,9.82,1293613,1293.613,0.599
983,9.82,9.83,1293613,1293.613,0.599
984,9.83,9.84,3427731,3427.731,1.587
985,9.84,9.85,4494630,4494.630,2.081
986,9.85,9.86,4494630,4494.630,2.081
987,9.86,9.87,3418052,3418.052,1.583
988,9.87,9.88,1264573,1264.573,0.586
989,9.88,9.89,1264573,1264.573,0.586
990,9.89,9.9,1264573,1264.573,0.586
991,9.9,9.91,4180602,4180.602,1.936
992,9.91,9.92,4180602,4180.602,1.936
993,9.92,9.93,4180602,4180.602,1.936
994,9.93,9.94,6799637,6799.637,3.149
995,9.94,9.95,8108958,8108.958,3.755
996,9.95,9.96,8108958,8108.958,3.755
997,9.96,9.97,5730773,5730.773,2.654
998,9.97,9.98,973690,973.690,0.451
999,9.98,9.99,973690,973.690,0.451
1000,9.99,10.0,973690,973.690,0.451
1001,10.0,10.01,4363244,4363.244,2.021
1002,10.01,10.02,4363244,4363.244,2.021
1003,10.02,10.03,4363244,4363.244,2.021
1004,10.03,10.04,2098608,2098.608,0.972
1005,10.04,10.05,966461,966.461,0.448
1006,10.05,10.06,966461,966.461,0.448
1007,10.06,10.07,1576575,1576.575,0.73
1008,10.07,10.08,2796988,2796.988,1.295
1009,10.08,10.09,2796988,2796.988,1.295
1010,10.09,10.1,2796988,2796.988,1.295
1011,10.1,10.11,1258333,1258.333,0.583
1012,10.11,10.12,1258333,1258.333,0.583
1013,10.12,10.13,1258333,1258.333,0.583
1014,10.13,10.14,2010010,2010.010,0.931
1015,10.14,10.15,2385792,2385.792,1.105
1016,10.15,10.16,2385792,2385.792,1.105
1017,10.16,10.17,2205512,2205.512,1.021
1018,10.17,10.18,1844898,1844.898,0.854
1019,10.18,10.19,1844898,1844.898,0.854
1020,10.19,10.2,1844898,1844.898,0.854
